original_instance_id,count
34ff7b0c7d176187b5f56965bc072870,6240
25206396b6f90a56a632de9594cfa279,6240
a8de3aee209e73291020dfca4bc9547d,6240
9721721aee5763207020928a6be3d9b1,6240
453dbf627af720e73ca10e171bd55725,6240
fd3d2779b04a00f64e86ebda4403eb34,6240
c145f96bc4b6c5d0d18e06e89cb629bd,6240
24223944994a18d516282ccef47ac54d,6240
13ae1b97872d056d111cbf8dfd1617c2,6240
9071b005524e4661f6718fe829648c22,6240
22645d3694ea307a2d88a0b1669a4550,6240
941c034555e30f65555a5ce841836317,6240
e4c27cfc2c87eba9a17d237c0988dcbd,6240
41195c6e58c3dc54bd51d9462c2a1a35,6240
95641032115fac92e1ea4efa811faae8,6240
6caeb46fd20a0b0f5a9f74da715d8b77,6240
619fdd90dcf02a109782351e726f434d,6240
7ce9fab7d8a5d11cac47de7ded5fb87c,6240
fb2c387e7e5272a43305940219116463,6240
aec42313c4c01a4d1e2240d54ab41992,6240
14e076d13751e87d8c09f7f13125e755,6240
177682e7e6b3b0b5e4ad47b2fcaa4451,6240
b400d942abc879906d5d2e7cbf1445b5,6240
f41fcb5561abc3e4c98c32d80bd0ac2e,6240
729ece24c8d479efaf9f43a78bcdf42f,6240
dff06d843446af8648fc9ff9afacb718,6240
df85068ad8d348d04f95ee17882f0da4,6240
fdefc09bc79c168c6ee59c351ac5db78,6240
362fcdcfe450161abe0dfc24f108c8a9,6240
44ea53138d50a0f07b1fb8d5fa927a6d,6240
b9b10ffcbee1477b164fd32d4ef7fb40,6240
0a3da1ceeb83f664b813bb28f001d766,6240
12f396cdef01341d9b307c7048b8d77a,6240
63d411be4c5a409e108fbdce6e3f8689,6240
c78e58efb81dc261314dbe9683046b8a,6240
b15d69d9ac2994c645e9c261a9036af5,6240
a87d8ce85c5e14f8054f86aaa36f49ad,6240
7a80c8edbaf9cffb15d2a71bb2427672,6240
d48c3ed115b970b0947d892881d35aa9,6240
cb75a2b7d6041b0ce85ec4218fe2f5e0,6240
f188e8e224ad837ca63d8472c69cf931,6240
170d490a7ae53347e8fe3eabe4e28001,6240
169c53c4e9f905b5a1579bb2c89f80b4,6240
104373856e995a074579797ebe34fcb2,6240
38b0d67f9db7712c2c589f4ced8943f1,6240
e91353a8c4dde03994b2cbfb5521172e,6240
e164924261a2ff3dddb8d1e0b4e5fdb6,6240
