judge_model_name,criterion,locale,n_prompts,mean,std,se,ci95_low,ci95_high,ci90_low,ci90_high
CommandA,coherence,ar_EG,46,0.6657608695652174,0.17157790100649603,0.02529778135734907,0.616304347826087,0.7144927536231884,0.6244565217391304,0.7065307971014492
GPT-4.1,coherence,ar_EG,46,0.6637681159420289,0.184576737958454,0.02721435530528431,0.6096014492753623,0.716490036231884,0.6193840579710145,0.7081612318840579
Qwen3-235B,coherence,ar_EG,46,0.6599637681159419,0.20183280243696725,0.02975862320753134,0.6025317028985505,0.7186639492753624,0.6123188405797102,0.708695652173913
Claude-4,coherence,ar_EG,46,0.6356884057971014,0.16826697485112813,0.02480961192831721,0.5865942028985508,0.6818840579710145,0.5952898550724638,0.6748188405797101
Llama-4-Maverick,coherence,ar_EG,46,0.6277173913043478,0.18043204619955824,0.026603253844693642,0.577169384057971,0.6806159420289856,0.5849547101449274,0.6721014492753623
DeepSeek-V3,coherence,ar_EG,46,0.5869565217391305,0.1484763373706089,0.02189164162463703,0.5443840579710144,0.6304347826086956,0.5514492753623188,0.6228260869565218
Mistral-Medium,coherence,ar_EG,46,0.5759057971014493,0.16679835779520635,0.02459307615674966,0.5289855072463769,0.6235552536231885,0.5360507246376812,0.6159420289855072
AyaExpanse-32B,coherence,ar_EG,46,0.5679347826086957,0.1901182818254801,0.028031411373156814,0.5130434782608696,0.6228260869565218,0.5222826086956522,0.6139583333333332
CommandR7B,coherence,ar_EG,46,0.5570652173913043,0.19005333389932413,0.028021835323876174,0.5030797101449275,0.6110507246376811,0.5115851449275362,0.6025452898550725
AyaExpanse-8B,coherence,ar_EG,46,0.4963768115942029,0.19252747257797387,0.028386627170454783,0.4434782608695652,0.5525407608695652,0.4516304347826087,0.5438405797101449
Qwen2.5-7B,coherence,ar_EG,46,0.4952898550724637,0.15412689350726805,0.022724770674789115,0.4514492753623188,0.5405842391304349,0.45868659420289853,0.5329710144927536
Llama-3.1-8B,coherence,ar_EG,46,0.4753623188405798,0.14677559635164164,0.021640881041887626,0.4347826086956521,0.5190217391304348,0.4409420289855073,0.5117753623188406
Mistral-7B,coherence,ar_EG,46,0.42572463768115937,0.1769584076729956,0.02609109378536223,0.3780751811594203,0.477536231884058,0.38514492753623186,0.46938405797101446
Claude-4,coherence,bn_BD,46,0.5153985507246377,0.13272973783781428,0.019569932186734005,0.4778985507246377,0.553623188405797,0.4835144927536232,0.5471014492753623
Mistral-Medium,coherence,bn_BD,46,0.48913043478260887,0.11777082743141798,0.017364361174469087,0.45597373188405793,0.5233695652173913,0.4615942028985508,0.5175815217391304
Qwen3-235B,coherence,bn_BD,46,0.4851449275362319,0.09962759427788855,0.014689287387338323,0.4570652173913044,0.5139492753623188,0.4617753623188406,0.508876811594203
GPT-4.1,coherence,bn_BD,46,0.4840579710144927,0.08700833802382549,0.012828679560019346,0.45851449275362316,0.5092391304347825,0.4626811594202898,0.5048913043478261
DeepSeek-V3,coherence,bn_BD,46,0.48061594202898544,0.10398026800920308,0.015331054116787373,0.4514492753623189,0.5110507246376812,0.4561503623188405,0.5056159420289855
Llama-4-Maverick,coherence,bn_BD,46,0.4795289855072464,0.09960890376402799,0.014686531621413184,0.4510869565217392,0.5085144927536231,0.45579710144927527,0.5034420289855073
CommandA,coherence,bn_BD,46,0.47119565217391307,0.07717437609955353,0.011378740977151913,0.44891304347826094,0.4927536231884058,0.45326086956521733,0.48931159420289855
AyaExpanse-32B,coherence,bn_BD,46,0.43822463768115943,0.1075050398898473,0.015850753377869335,0.40760869565217406,0.469927536231884,0.4126811594202899,0.46467391304347827
Llama-3.1-8B,coherence,bn_BD,46,0.41195652173913055,0.10163254093190244,0.014984900643992348,0.38351449275362315,0.44130434782608696,0.3878623188405797,0.43677536231884057
Qwen2.5-7B,coherence,bn_BD,46,0.3994565217391305,0.12953385293152972,0.019098724664505497,0.3630434782608695,0.4376856884057971,0.36920289855072463,0.43043478260869567
CommandR7B,coherence,bn_BD,46,0.3643115942028987,0.11379620949173126,0.01677833573047333,0.3318795289855072,0.397463768115942,0.3371376811594203,0.39221014492753625
Mistral-7B,coherence,bn_BD,46,0.3371376811594203,0.07910975579634798,0.011664097145549758,0.31485507246376815,0.3601449275362319,0.3181159420289856,0.35652173913043483
AyaExpanse-8B,coherence,bn_BD,46,0.3284420289855073,0.09963786414856568,0.014690801597160418,0.29981431159420285,0.3568840579710145,0.3041666666666667,0.352536231884058
Claude-4,coherence,cs_CZ,46,0.5001811594202898,0.11380741164698532,0.01677998739815714,0.46829710144927533,0.5329710144927535,0.4735416666666666,0.5278985507246376
Mistral-Medium,coherence,cs_CZ,46,0.4936594202898551,0.12744140244612126,0.01879020967177961,0.4583333333333333,0.5307971014492755,0.46376811594202905,0.5246467391304347
Qwen3-235B,coherence,cs_CZ,46,0.47771739130434776,0.11702398123738747,0.01725424471067439,0.44547101449275356,0.5121376811594203,0.45,0.5063405797101449
GPT-4.1,coherence,cs_CZ,46,0.46992753623188405,0.1269718334283841,0.018720975497254714,0.43460144927536243,0.5067074275362318,0.4402173913043479,0.5005434782608695
CommandA,coherence,cs_CZ,46,0.46503623188405796,0.11364634831458008,0.016756239905362482,0.43387681159420294,0.4985507246376811,0.4384057971014493,0.4929347826086957
DeepSeek-V3,coherence,cs_CZ,46,0.43786231884057986,0.1256674344428252,0.01852865235921744,0.4039809782608695,0.47482336956521737,0.4086956521739131,0.4692028985507248
Llama-4-Maverick,coherence,cs_CZ,46,0.4273550724637681,0.12056532274154293,0.017776387029459596,0.39365942028985507,0.46249999999999997,0.39891304347826084,0.4568840579710144
AyaExpanse-32B,coherence,cs_CZ,46,0.415036231884058,0.12772486301964472,0.0188320036532327,0.38043025362318833,0.4527173913043479,0.38514492753623186,0.4465579710144927
Qwen2.5-7B,coherence,cs_CZ,46,0.3673913043478261,0.10233125355222376,0.015087920199522637,0.33894927536231884,0.3980072463768117,0.3431159420289855,0.3927536231884058
AyaExpanse-8B,coherence,cs_CZ,46,0.35380434782608694,0.12329962654688884,0.018179538131241575,0.3208333333333333,0.3907653985507247,0.3257246376811594,0.38478260869565223
Llama-3.1-8B,coherence,cs_CZ,46,0.3519927536231884,0.11489642118292512,0.01694055309440744,0.3192028985507247,0.3856884057971014,0.32409420289855073,0.380072463768116
CommandR7B,coherence,cs_CZ,46,0.3463768115942029,0.11848649678121427,0.017469880863363155,0.3139492753623188,0.38170289855072465,0.31902173913043474,0.3759057971014493
Mistral-7B,coherence,cs_CZ,46,0.33677536231884053,0.1055493578144888,0.015562403787061408,0.3085144927536232,0.36865942028985504,0.31268115942028984,0.3630434782608695
GPT-4.1,coherence,de_DE,46,0.6090579710144928,0.20771260183181556,0.030625552332106155,0.5494565217391305,0.6684827898550725,0.5596014492753624,0.6592391304347827
CommandA,coherence,de_DE,46,0.6083333333333334,0.22396538533255644,0.03302189452441743,0.5467346014492753,0.6733695652173912,0.5565217391304348,0.6625090579710143
Qwen3-235B,coherence,de_DE,46,0.588949275362319,0.21515895895069576,0.03172345779194179,0.5278940217391302,0.6514538043478261,0.5373188405797101,0.6420289855072463
Llama-4-Maverick,coherence,de_DE,46,0.581340579710145,0.22157673462942623,0.03266970719217714,0.5195652173913043,0.6460190217391304,0.5284420289855072,0.6358695652173914
CommandR7B,coherence,de_DE,46,0.5804347826086957,0.248800935546306,0.036683696630115836,0.5097826086956523,0.6532608695652175,0.5204710144927536,0.6418568840579709
Mistral-7B,coherence,de_DE,46,0.573731884057971,0.2594983728826004,0.03826094771682352,0.4998188405797102,0.65,0.5126811594202899,0.6384057971014493
Mistral-Medium,coherence,de_DE,46,0.5728260869565218,0.18529618251589836,0.027320431618178903,0.522096920289855,0.6255434782608696,0.529891304347826,0.6173913043478261
AyaExpanse-32B,coherence,de_DE,46,0.56268115942029,0.22113441481352958,0.03260449069327526,0.49981884057971016,0.6273550724637681,0.510144927536232,0.6155797101449275
Claude-4,coherence,de_DE,46,0.5559782608695653,0.1796572786961696,0.02648902060842877,0.5065217391304349,0.6083333333333333,0.513768115942029,0.6003623188405797
DeepSeek-V3,coherence,de_DE,46,0.5556159420289856,0.20820406617619824,0.030698014796422323,0.49764492753623196,0.6173958333333334,0.5068840579710144,0.6065217391304347
AyaExpanse-8B,coherence,de_DE,46,0.5409420289855074,0.24215994412782074,0.03570453586456648,0.47427536231884065,0.6125045289855072,0.4851358695652174,0.6001811594202898
Llama-3.1-8B,coherence,de_DE,46,0.5358695652173914,0.2134943660546824,0.03147802695915204,0.4771739130434782,0.5974637681159419,0.48550724637681164,0.586413043478261
Qwen2.5-7B,coherence,de_DE,46,0.5057971014492754,0.17006597816636726,0.025074860496245216,0.4585099637681159,0.5552536231884058,0.46557971014492755,0.5472826086956523
CommandA,coherence,en_US,46,0.6655797101449277,0.2230374539192427,0.03288507850166087,0.6018070652173912,0.7288088768115942,0.6125,0.7184782608695651
Qwen3-235B,coherence,en_US,46,0.647463768115942,0.21030452321630855,0.031007710291235512,0.587133152173913,0.7076132246376812,0.5965579710144927,0.6981884057971015
CommandR7B,coherence,en_US,46,0.6384057971014493,0.23421446237455087,0.03453303849227134,0.5721014492753624,0.7047101449275364,0.5827807971014493,0.6952898550724638
GPT-4.1,coherence,en_US,46,0.6384057971014493,0.19791722815413193,0.02918130327580029,0.5833333333333334,0.694026268115942,0.5922101449275362,0.6855072463768116
Llama-4-Maverick,coherence,en_US,46,0.6206521739130435,0.20437150820390657,0.030132934951910592,0.56231884057971,0.6788088768115943,0.571195652173913,0.6699275362318841
Mistral-Medium,coherence,en_US,46,0.6182971014492754,0.20313605764939327,0.029950777705420498,0.5606838768115942,0.6778985507246377,0.5695561594202899,0.6673913043478261
Claude-4,coherence,en_US,46,0.5699275362318841,0.20190052449859383,0.029768608280772407,0.511594202898551,0.6282608695652173,0.5210144927536232,0.6177626811594202
AyaExpanse-32B,coherence,en_US,46,0.5565217391304348,0.19840345044010158,0.02925299284076976,0.5012635869565217,0.6143115942028985,0.5097735507246375,0.6043478260869566
Llama-3.1-8B,coherence,en_US,46,0.5541666666666668,0.18098453313630947,0.02668471359939827,0.5036186594202898,0.6074275362318841,0.5114130434782609,0.5989130434782609
AyaExpanse-8B,coherence,en_US,46,0.5516304347826086,0.20760702702563813,0.03060998617616268,0.4940217391304348,0.6121376811594202,0.5021739130434784,0.6019927536231884
DeepSeek-V3,coherence,en_US,46,0.5489130434782609,0.2033409887421377,0.0299809931466117,0.4918432971014493,0.6079710144927537,0.5005434782608696,0.5980072463768116
Mistral-7B,coherence,en_US,46,0.5244565217391304,0.19153701068643258,0.02824059153166906,0.4715579710144928,0.5802536231884058,0.4795289855072465,0.5708333333333333
Qwen2.5-7B,coherence,en_US,46,0.5242753623188406,0.18522447248313578,0.027309858550672455,0.47264039855072465,0.5786231884057972,0.48134057971014493,0.5702898550724637
GPT-4.1,coherence,hi_IN,46,0.6860507246376812,0.1447971585457395,0.021349176301654612,0.6434782608695652,0.727536231884058,0.6503623188405799,0.7210144927536233
Qwen3-235B,coherence,hi_IN,46,0.6597826086956522,0.13766465279472745,0.02029754570143934,0.6204710144927535,0.7001811594202899,0.6268025362318841,0.6934782608695652
CommandA,coherence,hi_IN,46,0.6567028985507245,0.16149016295784843,0.02381042552627828,0.6108695652173914,0.702355072463768,0.6182971014492754,0.6949365942028984
DeepSeek-V3,coherence,hi_IN,46,0.6038043478260869,0.13878558960465204,0.020462818817420653,0.5641304347826086,0.6434782608695653,0.570461956521739,0.6375000000000001
Llama-4-Maverick,coherence,hi_IN,46,0.5971014492753622,0.15742152063281167,0.023210536942980253,0.552536231884058,0.6413043478260869,0.5596014492753623,0.6344202898550723
CommandR7B,coherence,hi_IN,46,0.5829710144927536,0.15810369821128073,0.023311118539594743,0.5374954710144927,0.6297101449275362,0.5454710144927537,0.6228260869565218
Claude-4,coherence,hi_IN,46,0.5817028985507247,0.1465616160529546,0.021609331368070597,0.540217391304348,0.6235507246376811,0.5467391304347826,0.6172101449275362
Mistral-Medium,coherence,hi_IN,46,0.5711956521739129,0.14347652754365423,0.021154459883348357,0.530072463768116,0.6123188405797102,0.5365942028985508,0.6052536231884058
Llama-3.1-8B,coherence,hi_IN,46,0.5507246376811594,0.15559350813757353,0.022941011204806745,0.5070652173913045,0.5956521739130434,0.5141304347826088,0.5884057971014492
AyaExpanse-32B,coherence,hi_IN,46,0.5358695652173914,0.1290978856921256,0.019034444801908305,0.4989130434782609,0.5733695652173914,0.5052536231884058,0.5670289855072463
AyaExpanse-8B,coherence,hi_IN,46,0.5221014492753623,0.15196467863753235,0.022405969484768078,0.47989130434782606,0.5659420289855072,0.48605072463768123,0.5586956521739129
Qwen2.5-7B,coherence,hi_IN,46,0.5117753623188406,0.12150771055852568,0.017915334532652073,0.47844202898550725,0.5465579710144927,0.48333333333333334,0.540942028985507
Mistral-7B,coherence,hi_IN,46,0.42826086956521736,0.11429437654082848,0.016851786454684138,0.39601449275362316,0.4617798913043478,0.4014492753623188,0.45652173913043476
Claude-4,coherence,id_ID,46,0.4920289855072464,0.12806678092205664,0.018882416697608692,0.4557971014492753,0.528804347826087,0.46195652173913043,0.522463768115942
GPT-4.1,coherence,id_ID,46,0.481340579710145,0.14665177515529662,0.021622624602485076,0.4403985507246377,0.5246376811594203,0.446376811594203,0.5175724637681158
Qwen3-235B,coherence,id_ID,46,0.4789855072463768,0.1512064561382388,0.02229417567627158,0.43677536231884057,0.5230072463768116,0.4434782608695652,0.5157608695652174
CommandA,coherence,id_ID,46,0.46503623188405796,0.1571998370913124,0.023177851487974258,0.42083333333333334,0.5108695652173914,0.4273460144927535,0.5045289855072463
Mistral-Medium,coherence,id_ID,46,0.4639492753623188,0.12718527299231583,0.018752445444081653,0.42879981884057966,0.5016304347826087,0.4340579710144929,0.4956521739130435
DeepSeek-V3,coherence,id_ID,46,0.4432971014492754,0.13728652974953867,0.020241794499989463,0.4056159420289855,0.4840579710144928,0.4108695652173914,0.4769927536231884
Llama-4-Maverick,coherence,id_ID,46,0.43297101449275355,0.1521548565631017,0.022434009690131505,0.3918478260869565,0.4769927536231884,0.3978260869565218,0.4695742753623188
AyaExpanse-32B,coherence,id_ID,46,0.4105072463768116,0.13789012872807146,0.020330790314117435,0.37264492753623196,0.4512681159420289,0.37880434782608696,0.4445652173913043
AyaExpanse-8B,coherence,id_ID,46,0.3938405797101449,0.1360990332805615,0.020066707697676434,0.3561594202898551,0.4344202898550724,0.36177536231884055,0.42735507246376814
Qwen2.5-7B,coherence,id_ID,46,0.38913043478260867,0.10042916497012652,0.014807472538198327,0.36068840579710143,0.4182971014492754,0.3648550724637681,0.41376811594202895
Mistral-7B,coherence,id_ID,46,0.38858695652173914,0.11372425357318602,0.0167677264090861,0.3561594202898551,0.4208378623188406,0.3608695652173913,0.41612318840579715
Llama-3.1-8B,coherence,id_ID,46,0.3847826086956522,0.13408704041357106,0.019770055533597664,0.34782608695652173,0.42481884057971014,0.3532608695652173,0.4181159420289856
CommandR7B,coherence,id_ID,46,0.3806159420289855,0.12399042112327639,0.01828139023488535,0.34601449275362317,0.4166666666666668,0.35126811594202895,0.41068840579710153
Qwen3-235B,coherence,ja_JP,46,0.5777173913043478,0.23429072335209078,0.0345442825599781,0.5115896739130434,0.6463768115942028,0.5222826086956522,0.6346014492753623
CommandA,coherence,ja_JP,46,0.5570652173913043,0.2226521354713484,0.032828266395960766,0.492205615942029,0.6206567028985508,0.5025362318840579,0.6097826086956523
Mistral-Medium,coherence,ja_JP,46,0.5512681159420291,0.18952480693117027,0.027943908273810953,0.498365036231884,0.607794384057971,0.5065217391304347,0.5980072463768115
Claude-4,coherence,ja_JP,46,0.5432971014492753,0.16489446274288155,0.024312362145921262,0.4965579710144928,0.5914855072463768,0.5041666666666667,0.5829710144927536
Llama-4-Maverick,coherence,ja_JP,46,0.5427536231884058,0.22231670696656453,0.03277881016106532,0.48061594202898544,0.6077943840579709,0.49002717391304346,0.5971014492753622
GPT-4.1,coherence,ja_JP,46,0.542572463768116,0.22367737638480018,0.03297942992177013,0.4784420289855073,0.6068885869565217,0.48858695652173934,0.5965579710144926
DeepSeek-V3,coherence,ja_JP,46,0.5309782608695652,0.17229983057354886,0.025404224064921398,0.48278985507246375,0.5807971014492753,0.4902083333333332,0.5722826086956522
Qwen2.5-7B,coherence,ja_JP,46,0.5021739130434781,0.17903578150033095,0.02639738584612954,0.4516304347826087,0.5556159420289856,0.46014492753623193,0.5460144927536232
AyaExpanse-32B,coherence,ja_JP,46,0.47735507246376807,0.18736857981554272,0.027625989929968595,0.42427536231884055,0.532608695652174,0.4331521739130435,0.5233695652173914
CommandR7B,coherence,ja_JP,46,0.4648550724637681,0.19809208049898003,0.029207083847562966,0.41068840579710153,0.5244565217391305,0.4190217391304349,0.5137681159420289
Llama-3.1-8B,coherence,ja_JP,46,0.4514492753623188,0.20533249419490998,0.030274624606261586,0.394927536231884,0.5141304347826088,0.40326086956521734,0.5023641304347825
AyaExpanse-8B,coherence,ja_JP,46,0.43315217391304334,0.2052887843270492,0.030268179937840922,0.3768115942028986,0.4923913043478261,0.38478260869565223,0.48242753623188406
Mistral-7B,coherence,ja_JP,46,0.3815217391304348,0.1720062538652594,0.025360938540769682,0.33496376811594203,0.4344202898550724,0.3416666666666666,0.42499999999999993
GPT-4.1,coherence,ru_RU,46,0.632427536231884,0.16869349315345117,0.024872498621147588,0.5846014492753624,0.6813405797101451,0.5927536231884057,0.6733695652173913
CommandA,coherence,ru_RU,46,0.6300724637681158,0.17436373098123414,0.025708529578339405,0.5804347826086956,0.6800724637681159,0.5884057971014492,0.672463768115942
Llama-4-Maverick,coherence,ru_RU,46,0.6291666666666667,0.17883151253776056,0.02636726803070643,0.5791666666666666,0.6800724637681159,0.5871376811594203,0.6726449275362318
Qwen3-235B,coherence,ru_RU,46,0.628804347826087,0.17635460315724794,0.026002067666425235,0.5795289855072464,0.6797101449275362,0.5869565217391305,0.6708423913043478
Claude-4,coherence,ru_RU,46,0.6043478260869566,0.17508145485651885,0.025814352190490455,0.5548913043478261,0.6543478260869565,0.5630434782608695,0.6465579710144926
Mistral-Medium,coherence,ru_RU,46,0.5903985507246378,0.16338403777701804,0.02408966213432915,0.544560688405797,0.6371376811594203,0.551802536231884,0.6293478260869566
CommandR7B,coherence,ru_RU,46,0.5628623188405798,0.18247870264485094,0.026905016874564626,0.5108695652173914,0.6161277173913042,0.5195561594202899,0.6074275362318841
DeepSeek-V3,coherence,ru_RU,46,0.5481884057971015,0.174101866764074,0.02566991980591434,0.5009057971014493,0.5994610507246376,0.5083333333333333,0.5913134057971013
AyaExpanse-32B,coherence,ru_RU,46,0.5396739130434781,0.1997698118437841,0.029454451838943265,0.48297101449275365,0.5974682971014492,0.4920289855072464,0.5874999999999999
Mistral-7B,coherence,ru_RU,46,0.5342391304347828,0.19116462639672616,0.028185686463553388,0.48152173913043467,0.5907608695652173,0.48985507246376814,0.5806159420289856
AyaExpanse-8B,coherence,ru_RU,46,0.532608695652174,0.18973524509523076,0.027974935688369677,0.4788043478260871,0.5878623188405797,0.4873097826086956,0.5782608695652174
Qwen2.5-7B,coherence,ru_RU,46,0.5181159420289855,0.142944178302491,0.02107596926987368,0.4789855072463768,0.5594202898550724,0.48460144927536225,0.5525452898550725
Llama-3.1-8B,coherence,ru_RU,46,0.48695652173913057,0.14696153202383727,0.021668295761115126,0.44637681159420295,0.5309782608695651,0.45307065217391296,0.5240942028985508
CommandA,coherence,zh_CN,46,0.7105072463768115,0.18472063309766493,0.02723557148609075,0.6559782608695652,0.7635914855072462,0.6646739130434782,0.7545289855072465
GPT-4.1,coherence,zh_CN,46,0.7019927536231884,0.19971572994090703,0.02944647789739049,0.6440217391304349,0.7588768115942028,0.6532608695652175,0.7494655797101449
Qwen3-235B,coherence,zh_CN,46,0.6943840579710144,0.19175967427609897,0.02827342148689394,0.6387681159420289,0.748731884057971,0.6472826086956522,0.739855072463768
CommandR7B,coherence,zh_CN,46,0.653804347826087,0.19394942163748732,0.028596282121342062,0.5992753623188406,0.7092391304347826,0.6072463768115942,0.7007246376811594
Mistral-Medium,coherence,zh_CN,46,0.6409420289855072,0.16142523101007455,0.023800851832881553,0.5940217391304349,0.6873188405797102,0.6018115942028985,0.679356884057971
AyaExpanse-8B,coherence,zh_CN,46,0.6387681159420291,0.21641878549216173,0.0319092090816314,0.5768115942028986,0.7025362318840579,0.5858695652173913,0.6913043478260869
Llama-4-Maverick,coherence,zh_CN,46,0.6195652173913043,0.18925795147201552,0.02790456258290256,0.5653985507246376,0.672463768115942,0.5737228260869565,0.6637681159420289
Claude-4,coherence,zh_CN,46,0.6186594202898551,0.16642746522401594,0.024538391030530026,0.5715579710144927,0.6663043478260868,0.5789855072463769,0.6586956521739129
DeepSeek-V3,coherence,zh_CN,46,0.5802536231884058,0.17363540892771373,0.025601144350057604,0.531159420289855,0.6302536231884058,0.5391304347826087,0.6224637681159421
Qwen2.5-7B,coherence,zh_CN,46,0.5793478260869566,0.18783808310431857,0.027695214413286862,0.5269927536231885,0.6331521739130433,0.535144927536232,0.6244655797101447
AyaExpanse-32B,coherence,zh_CN,46,0.5539855072463767,0.19063522087907453,0.02810762987843164,0.5019927536231884,0.6096014492753623,0.5097826086956523,0.6005434782608695
Mistral-7B,coherence,zh_CN,46,0.5335144927536233,0.20828139449183977,0.030709416234546674,0.4746376811594203,0.5954710144927536,0.48387681159420304,0.5851449275362319
Llama-3.1-8B,coherence,zh_CN,46,0.4784420289855073,0.15235371537764342,0.022463329822746177,0.4365942028985508,0.5233695652173913,0.4427536231884059,0.5159420289855072
Qwen3-235B,instruction_following,ar_EG,46,0.6719202898550725,0.16980706822355646,0.02503668630780924,0.6221014492753624,0.7188405797101448,0.6304347826086957,0.7117753623188404
DeepSeek-V3,instruction_following,ar_EG,46,0.6594202898550725,0.1971213254873491,0.029063953829700933,0.6016304347826088,0.7137726449275362,0.6114039855072464,0.704891304347826
AyaExpanse-32B,instruction_following,ar_EG,46,0.6233695652173914,0.19274350932385095,0.02841848005086824,0.5679302536231883,0.678623188405797,0.5766304347826087,0.6697463768115943
CommandA,instruction_following,ar_EG,46,0.6021739130434781,0.15648960426373196,0.02307313337055037,0.5576086956521739,0.6481929347826088,0.5644927536231885,0.6409420289855072
AyaExpanse-8B,instruction_following,ar_EG,46,0.5980072463768116,0.23573620420082805,0.03475740708390037,0.5307971014492754,0.6663043478260869,0.5420289855072464,0.6545289855072464
CommandR7B,instruction_following,ar_EG,46,0.5954710144927535,0.18457246662887303,0.02721372553209551,0.542572463768116,0.6492753623188405,0.5516304347826086,0.6405797101449275
Mistral-7B,instruction_following,ar_EG,46,0.5889492753623188,0.2515265390350875,0.03708556494020439,0.5161186594202899,0.6614130434782609,0.5280797101449276,0.6496376811594202
Llama-4-Maverick,instruction_following,ar_EG,46,0.5788043478260869,0.16722781941296314,0.024656396817765165,0.5317028985507247,0.6260869565217392,0.5389492753623187,0.6190217391304348
GPT-4.1,instruction_following,ar_EG,46,0.5630434782608696,0.17307719834267996,0.025518840689453853,0.5141304347826088,0.6119565217391304,0.5215579710144927,0.6039945652173913
Mistral-Medium,instruction_following,ar_EG,46,0.5403985507246376,0.12473388204969114,0.01839100756820067,0.5048913043478261,0.5764492753623189,0.5103260869565218,0.569927536231884
Qwen2.5-7B,instruction_following,ar_EG,46,0.5217391304347826,0.13517796067431465,0.019930902950850708,0.4847826086956521,0.5614130434782608,0.49021739130434777,0.5547101449275361
Claude-4,instruction_following,ar_EG,46,0.5099637681159419,0.14532445144896494,0.021426921398772766,0.46775362318840585,0.5514492753623188,0.47391304347826096,0.5451086956521738
Llama-3.1-8B,instruction_following,ar_EG,46,0.4697463768115942,0.11520725681838717,0.016986383308542616,0.43677536231884057,0.5032608695652174,0.4422101449275363,0.49765398550724643
DeepSeek-V3,instruction_following,bn_BD,46,0.49673913043478257,0.10691346248005425,0.015763530047352398,0.4661231884057971,0.5271739130434783,0.4710144927536233,0.5221014492753622
Claude-4,instruction_following,bn_BD,46,0.4952898550724638,0.09967001378488799,0.014695541802429449,0.4664855072463768,0.5233695652173914,0.47119565217391307,0.5192028985507247
Qwen3-235B,instruction_following,bn_BD,46,0.4929347826086957,0.09743575584133086,0.014366118440676768,0.46431159420289864,0.5211956521739131,0.4693840579710145,0.5166666666666666
Mistral-Medium,instruction_following,bn_BD,46,0.4907608695652173,0.1110448171795376,0.01637266506581395,0.45869565217391317,0.5230072463768117,0.46376811594202905,0.5175815217391303
GPT-4.1,instruction_following,bn_BD,46,0.48731884057971014,0.0969080500044393,0.014288312459811119,0.4596014492753624,0.5157653985507247,0.4641304347826086,0.5114130434782609
Llama-4-Maverick,instruction_following,bn_BD,46,0.47282608695652173,0.09029161915445426,0.013312772952525715,0.4469202898550725,0.4978306159420289,0.4509057971014493,0.4938405797101449
CommandA,instruction_following,bn_BD,46,0.4710144927536233,0.09814229922109859,0.014470292578698012,0.4429347826086957,0.49927536231884057,0.4476449275362319,0.4947463768115941
Qwen2.5-7B,instruction_following,bn_BD,46,0.468840579710145,0.11110326059222732,0.01638128207690529,0.43768115942028984,0.5009057971014493,0.4427536231884057,0.4958333333333334
AyaExpanse-32B,instruction_following,bn_BD,46,0.4300724637681158,0.08567953248375287,0.012632757871841576,0.4054347826086957,0.45452898550724635,0.4097826086956522,0.4509057971014493
Llama-3.1-8B,instruction_following,bn_BD,46,0.409963768115942,0.10188985164360047,0.015022839038664713,0.3809782608695652,0.4389492753623188,0.38568840579710156,0.4344202898550725
CommandR7B,instruction_following,bn_BD,46,0.3817028985507247,0.12482851898466764,0.01840496102301811,0.347463768115942,0.4192028985507247,0.352536231884058,0.4126811594202899
AyaExpanse-8B,instruction_following,bn_BD,46,0.35652173913043483,0.14584696278615214,0.021503961492440757,0.31702445652173905,0.40036231884057966,0.32264492753623186,0.3923913043478261
Mistral-7B,instruction_following,bn_BD,46,0.31684782608695644,0.09085480769661468,0.013395810572865872,0.29094202898550725,0.343659420289855,0.29474637681159416,0.3391304347826086
CommandA,instruction_following,cs_CZ,46,0.4923913043478261,0.15360710349359813,0.022648131818383842,0.45000000000000007,0.5380434782608695,0.45706521739130423,0.5300724637681159
Claude-4,instruction_following,cs_CZ,46,0.4909420289855072,0.12623251727083823,0.018611969276769225,0.45670289855072455,0.5278985507246376,0.4615942028985507,0.5215579710144926
GPT-4.1,instruction_following,cs_CZ,46,0.49039855072463767,0.17009408608564178,0.025079004782846494,0.44202898550724645,0.5418523550724638,0.45018115942028986,0.5331521739130435
Mistral-Medium,instruction_following,cs_CZ,46,0.4847826086956522,0.14108600331994864,0.02080199631556954,0.4461911231884057,0.5273596014492754,0.45235507246376805,0.5201086956521739
Qwen3-235B,instruction_following,cs_CZ,46,0.4782608695652173,0.15382447770415295,0.02268018189720567,0.43586956521739134,0.5242753623188405,0.44202898550724634,0.5164855072463768
DeepSeek-V3,instruction_following,cs_CZ,46,0.44927536231884063,0.15251822484660524,0.022487585420655914,0.4070652173913043,0.4942028985507245,0.4135869565217391,0.48677536231884055
Llama-4-Maverick,instruction_following,cs_CZ,46,0.42137681159420287,0.14365867656213274,0.021181316290944524,0.3824275362318841,0.4639492753623187,0.38840579710144923,0.45688405797101445
AyaExpanse-32B,instruction_following,cs_CZ,46,0.41431159420289854,0.14679353775553186,0.021643526357573366,0.37445652173913047,0.4588813405797101,0.3806068840579709,0.45108695652173914
CommandR7B,instruction_following,cs_CZ,46,0.40253623188405796,0.14010434344851733,0.02065725846384694,0.36485507246376814,0.4449275362318841,0.3706521739130434,0.43713768115942037
Mistral-7B,instruction_following,cs_CZ,46,0.3865942028985507,0.15423525262024892,0.022740747354374227,0.3440172101449274,0.43297554347826084,0.35054347826086957,0.4253623188405798
Llama-3.1-8B,instruction_following,cs_CZ,46,0.37554347826086953,0.10828919576525028,0.015966370854069104,0.34565217391304354,0.40742753623188405,0.35000000000000003,0.402355072463768
Qwen2.5-7B,instruction_following,cs_CZ,46,0.37518115942028984,0.0971426520485257,0.014322902644109153,0.3485507246376812,0.4036277173913044,0.3528985507246377,0.39909420289855074
AyaExpanse-8B,instruction_following,cs_CZ,46,0.3704710144927535,0.14496387929985863,0.021373757935773556,0.33115489130434783,0.41467391304347817,0.3371286231884058,0.407427536231884
Qwen3-235B,instruction_following,de_DE,46,0.5900362318840581,0.2632044900763472,0.038807384885608844,0.5155797101449275,0.667572463768116,0.5277173913043478,0.6550724637681159
DeepSeek-V3,instruction_following,de_DE,46,0.577536231884058,0.25548229363652986,0.03766880913670979,0.5057971014492754,0.6519927536231883,0.5168478260869565,0.6398641304347825
CommandA,instruction_following,de_DE,46,0.5702898550724639,0.2686652661363703,0.039612532390022485,0.4938405797101449,0.6483740942028986,0.5065217391304347,0.6360507246376812
AyaExpanse-32B,instruction_following,de_DE,46,0.5579710144927535,0.2728844355960099,0.04023461498850074,0.48242300724637677,0.637685688405797,0.4942028985507246,0.6253713768115942
Mistral-Medium,instruction_following,de_DE,46,0.5556159420289856,0.22471555647184485,0.03313250122464506,0.49274909420289853,0.6212047101449275,0.5019927536231885,0.6108786231884058
Claude-4,instruction_following,de_DE,46,0.5510869565217392,0.20587519214239292,0.03035464105323972,0.49239130434782613,0.611417572463768,0.5014402173913043,0.601268115942029
GPT-4.1,instruction_following,de_DE,46,0.5420289855072464,0.2417525806527849,0.03564447339694114,0.47590126811594197,0.6108695652173912,0.4865942028985507,0.6000090579710144
CommandR7B,instruction_following,de_DE,46,0.5355072463768117,0.2762928911042016,0.040737164336095456,0.457241847826087,0.6157608695652174,0.46920289855072467,0.6034510869565217
Mistral-7B,instruction_following,de_DE,46,0.5347826086956522,0.29450892558015423,0.04342297209261496,0.45289855072463775,0.622463768115942,0.4657608695652174,0.6079710144927536
AyaExpanse-8B,instruction_following,de_DE,46,0.525,0.26733134754965804,0.03941585682424625,0.4519882246376811,0.6029076086956521,0.4623188405797101,0.5895018115942029
Llama-4-Maverick,instruction_following,de_DE,46,0.5,0.2260776661041756,0.03333333333333333,0.43767663043478255,0.5655797101449275,0.44782608695652176,0.5545380434782609
Qwen2.5-7B,instruction_following,de_DE,46,0.4588768115942029,0.15824463572045505,0.023331898641643003,0.4150362318840579,0.5048913043478259,0.42173913043478267,0.49728260869565216
Llama-3.1-8B,instruction_following,de_DE,46,0.43061594202898557,0.15363953271150269,0.022652913245708263,0.38786231884057976,0.4771739130434782,0.3949275362318841,0.4688405797101449
CommandA,instruction_following,en_US,46,0.7538043478260869,0.2133775020952992,0.03146079630837658,0.691304347826087,0.8134057971014491,0.7023550724637682,0.8039855072463766
Qwen3-235B,instruction_following,en_US,46,0.7469202898550723,0.2083619143035977,0.03072128823310149,0.6873188405797102,0.8067028985507245,0.6971014492753624,0.7969293478260869
GPT-4.1,instruction_following,en_US,46,0.7380434782608696,0.22113380797742305,0.03260440122017265,0.6730072463768116,0.7989130434782608,0.6840579710144928,0.7894927536231885
Claude-4,instruction_following,en_US,46,0.730072463768116,0.20966226708030167,0.030913014790190173,0.6686548913043477,0.7887681159420289,0.6791666666666667,0.779891304347826
CommandR7B,instruction_following,en_US,46,0.7143115942028986,0.22558335244344666,0.03326045076024137,0.6490896739130435,0.7788043478260869,0.6596014492753622,0.768125
DeepSeek-V3,instruction_following,en_US,46,0.7085144927536232,0.2307963209425167,0.03402906103311811,0.6418432971014492,0.7744565217391302,0.6518115942028986,0.763768115942029
Mistral-Medium,instruction_following,en_US,46,0.6822463768115943,0.22446513034248147,0.03309557790625942,0.6179347826086957,0.7452898550724637,0.6284420289855073,0.7355072463768115
AyaExpanse-8B,instruction_following,en_US,46,0.663768115942029,0.22214038348117068,0.0327528126814628,0.6001811594202899,0.7271739130434783,0.6106884057971015,0.7170289855072464
AyaExpanse-32B,instruction_following,en_US,46,0.6481884057971015,0.23370943923180343,0.03445857689220116,0.5815217391304348,0.7148550724637681,0.592572463768116,0.7047101449275361
Llama-4-Maverick,instruction_following,en_US,46,0.6304347826086957,0.1839821632466437,0.027126690046694768,0.5786231884057971,0.6826086956521739,0.586413043478261,0.6742753623188406
Mistral-7B,instruction_following,en_US,46,0.6235507246376811,0.2296085258600198,0.03385393020264361,0.558876811594203,0.6891304347826087,0.5692028985507247,0.678088768115942
Llama-3.1-8B,instruction_following,en_US,46,0.5499999999999999,0.17823725345313898,0.026279649308807006,0.49945199275362323,0.6021784420289854,0.506875,0.5940217391304347
Qwen2.5-7B,instruction_following,en_US,46,0.5278985507246378,0.17652525255038268,0.026027228546765667,0.48043025362318836,0.5800724637681158,0.4875000000000001,0.5711956521739131
GPT-4.1,instruction_following,hi_IN,46,0.6532608695652173,0.14629665300920655,0.02157026469859163,0.6119565217391305,0.694927536231884,0.6184782608695653,0.6891304347826087
Qwen3-235B,instruction_following,hi_IN,46,0.6478260869565217,0.13944814938204173,0.020560507927068542,0.6077853260869566,0.6882246376811594,0.6143115942028986,0.6817028985507246
CommandA,instruction_following,hi_IN,46,0.6298913043478261,0.14199391491652943,0.020935860577385126,0.5889492753623188,0.6704710144927535,0.5956521739130435,0.6632246376811594
DeepSeek-V3,instruction_following,hi_IN,46,0.623731884057971,0.14242138172746946,0.02099888712018142,0.583695652173913,0.664855072463768,0.5900362318840581,0.658161231884058
Claude-4,instruction_following,hi_IN,46,0.6097826086956522,0.14850390055801468,0.021895705594906004,0.5673913043478261,0.6521784420289855,0.5735507246376812,0.6452898550724638
Llama-4-Maverick,instruction_following,hi_IN,46,0.5748188405797101,0.1575711590224014,0.02323259991985723,0.5302536231884057,0.6201086956521739,0.5376811594202898,0.6126811594202899
Mistral-Medium,instruction_following,hi_IN,46,0.5717391304347825,0.13498374685962783,0.01990226768610098,0.5336956521739131,0.6099637681159421,0.5396739130434783,0.6043478260869566
AyaExpanse-32B,instruction_following,hi_IN,46,0.551268115942029,0.16880999062888585,0.024889675236812785,0.5043478260869566,0.5983695652173913,0.511947463768116,0.5904076086956521
AyaExpanse-8B,instruction_following,hi_IN,46,0.5302536231884057,0.1726281836821427,0.02545263708956201,0.48206521739130437,0.5795289855072464,0.488768115942029,0.5713768115942031
CommandR7B,instruction_following,hi_IN,46,0.5240942028985507,0.1460089235061494,0.021527841297817412,0.4827898550724638,0.5654030797101449,0.4889492753623189,0.5590579710144926
Llama-3.1-8B,instruction_following,hi_IN,46,0.5159420289855072,0.1595308136859394,0.02352153523683734,0.47119565217391296,0.5623233695652173,0.47771739130434787,0.555072463768116
Qwen2.5-7B,instruction_following,hi_IN,46,0.504891304347826,0.13163942623693428,0.01940917451148188,0.46666666666666673,0.5416666666666666,0.4729981884057971,0.5353260869565217
Mistral-7B,instruction_following,hi_IN,46,0.4956521739130434,0.14005884048369893,0.02065054941770327,0.4567028985507246,0.5364130434782608,0.46286231884057966,0.529891304347826
GPT-4.1,instruction_following,id_ID,46,0.5965579710144927,0.186897807348939,0.027556578316588674,0.5434782608695652,0.6498188405797102,0.5532608695652173,0.6413043478260869
Claude-4,instruction_following,id_ID,46,0.5702898550724637,0.17055331317665479,0.025146714123464774,0.5211956521739131,0.6197509057971015,0.5306159420289855,0.6116032608695652
CommandA,instruction_following,id_ID,46,0.5666666666666667,0.20184335693983277,0.029760179384080074,0.5090579710144928,0.6253623188405796,0.5186594202898551,0.6153985507246377
Qwen3-235B,instruction_following,id_ID,46,0.5610507246376812,0.19443693912361282,0.028668162653156123,0.5057971014492754,0.6172101449275361,0.514855072463768,0.6072554347826087
DeepSeek-V3,instruction_following,id_ID,46,0.5561594202898551,0.21919771490124634,0.03231893986972321,0.4936594202898552,0.6182971014492753,0.5028985507246377,0.6090670289855071
Mistral-Medium,instruction_following,id_ID,46,0.5331521739130435,0.15114265531089607,0.02228476875748387,0.4905797101449275,0.5764492753623188,0.49727355072463764,0.5695652173913044
AyaExpanse-8B,instruction_following,id_ID,46,0.5322463768115943,0.23556871488172026,0.03473271213105606,0.4652173913043478,0.6005434782608695,0.47554347826086957,0.5884057971014491
CommandR7B,instruction_following,id_ID,46,0.5255434782608697,0.20686073753687412,0.03049995179408148,0.4666666666666666,0.5844202898550724,0.47554347826086957,0.5751811594202898
AyaExpanse-32B,instruction_following,id_ID,46,0.5240942028985508,0.18435094903496224,0.027181064544726578,0.4730027173913043,0.5780842391304348,0.480072463768116,0.5697463768115941
Llama-4-Maverick,instruction_following,id_ID,46,0.5195652173913045,0.18562720997815133,0.02736923895475447,0.46721014492753626,0.5744610507246376,0.47572463768115936,0.5657608695652173
Mistral-7B,instruction_following,id_ID,46,0.5139492753623189,0.235099495274821,0.0346635294743486,0.44818840579710156,0.5826132246376811,0.45887681159420285,0.5710144927536231
Qwen2.5-7B,instruction_following,id_ID,46,0.4871376811594203,0.1686521231628674,0.024866398948809806,0.44039402173913034,0.5364130434782608,0.44800724637681155,0.5280797101449276
Llama-3.1-8B,instruction_following,id_ID,46,0.4416666666666666,0.15447042147644677,0.022775421110558743,0.39981431159420283,0.4876811594202898,0.40652173913043477,0.4804347826086956
Mistral-Medium,instruction_following,ja_JP,46,0.5076086956521739,0.14840537250845057,0.021881178426542146,0.4668478260869566,0.5514492753623188,0.47336956521739143,0.5438496376811593
Claude-4,instruction_following,ja_JP,46,0.505072463768116,0.1339393434310219,0.01974827880157244,0.4673867753623187,0.5438405797101449,0.4735507246376812,0.5375
CommandA,instruction_following,ja_JP,46,0.4909420289855073,0.17614551089688624,0.025971238694540655,0.44239130434782603,0.5414855072463769,0.4494474637681159,0.5327898550724638
GPT-4.1,instruction_following,ja_JP,46,0.4891304347826087,0.1908304590210303,0.028136416171997643,0.4367753623188406,0.5461956521739131,0.4443840579710145,0.5358786231884057
Qwen3-235B,instruction_following,ja_JP,46,0.4746376811594203,0.16679584365972014,0.024592705467695535,0.4277173913043478,0.5226494565217391,0.4353260869565217,0.5153985507246377
DeepSeek-V3,instruction_following,ja_JP,46,0.46086956521739136,0.1591632204902998,0.023467336577003006,0.416304347826087,0.5059782608695652,0.42336956521739133,0.4985507246376812
Llama-4-Maverick,instruction_following,ja_JP,46,0.4360507246376812,0.14609161623035238,0.021540033674833675,0.39655797101449286,0.4778985507246376,0.4025271739130434,0.47137681159420275
Qwen2.5-7B,instruction_following,ja_JP,46,0.43351449275362325,0.14375357355123153,0.021195308088650458,0.3932971014492754,0.4748188405797102,0.39927536231884064,0.46775362318840585
AyaExpanse-32B,instruction_following,ja_JP,46,0.40561594202898554,0.1644111673145557,0.02424110412256818,0.3605072463768116,0.4527173913043478,0.367572463768116,0.4451086956521739
CommandR7B,instruction_following,ja_JP,46,0.38478260869565223,0.14882569500355236,0.021943151597435862,0.3443840579710145,0.4300724637681159,0.3503623188405797,0.42174818840579703
Llama-3.1-8B,instruction_following,ja_JP,46,0.37663043478260877,0.1313112827561517,0.019360792394775818,0.33949275362318837,0.4155842391304348,0.3454619565217391,0.4088768115942029
AyaExpanse-8B,instruction_following,ja_JP,46,0.3721014492753623,0.18231380990425147,0.026880704766334897,0.3213768115942029,0.42518115942028983,0.3289855072463768,0.41539855072463777
Mistral-7B,instruction_following,ja_JP,46,0.37173913043478257,0.1728704490743796,0.025488357172902053,0.3235507246376811,0.42300724637681164,0.3306159420289855,0.4141304347826088
GPT-4.1,instruction_following,ru_RU,46,0.666123188405797,0.19354874791824223,0.028537206004396708,0.6112318840579709,0.7217391304347823,0.6206521739130435,0.7126811594202899
Qwen3-235B,instruction_following,ru_RU,46,0.6514492753623188,0.19766620095368664,0.02914429133431855,0.595828804347826,0.7090579710144927,0.6048913043478261,0.7000090579710144
CommandA,instruction_following,ru_RU,46,0.6503623188405796,0.19984528368909557,0.029465579555450608,0.5925679347826086,0.7076086956521739,0.6021739130434783,0.6980072463768117
DeepSeek-V3,instruction_following,ru_RU,46,0.6402173913043478,0.21333119463501232,0.03145396864584731,0.5807971014492754,0.7014492753623188,0.5898550724637682,0.6918478260869565
Claude-4,instruction_following,ru_RU,46,0.6342391304347827,0.15582544306494864,0.022975208144199576,0.5887681159420289,0.6786231884057972,0.5960144927536232,0.6721014492753623
Mistral-7B,instruction_following,ru_RU,46,0.6112318840579709,0.22514890402910526,0.03319639483618248,0.5494519927536231,0.676453804347826,0.5583333333333333,0.6652173913043478
CommandR7B,instruction_following,ru_RU,46,0.5958333333333333,0.19605483926697653,0.028906709015156958,0.5407608695652174,0.652721920289855,0.5498097826086956,0.6433061594202898
Llama-4-Maverick,instruction_following,ru_RU,46,0.5940217391304348,0.19500445581707393,0.02875183842459059,0.5391259057971013,0.65,0.5476449275362318,0.6413043478260869
Mistral-Medium,instruction_following,ru_RU,46,0.5918478260869566,0.16125940618019416,0.023776402295584934,0.5463768115942029,0.6373188405797101,0.5532608695652174,0.6298913043478261
AyaExpanse-8B,instruction_following,ru_RU,46,0.581340579710145,0.19670263938591384,0.029002221931890452,0.5253577898550723,0.6384057971014492,0.5338768115942029,0.6286231884057971
AyaExpanse-32B,instruction_following,ru_RU,46,0.5639492753623189,0.21853224151074402,0.03222082117125851,0.5048913043478261,0.6268115942028986,0.5137681159420291,0.6166666666666668
Qwen2.5-7B,instruction_following,ru_RU,46,0.5478260869565217,0.20194604754528533,0.029775320287826732,0.4909420289855073,0.6054347826086957,0.5001811594202898,0.5960144927536232
Llama-3.1-8B,instruction_following,ru_RU,46,0.4429347826086958,0.13462301491944487,0.019849080663192853,0.40489130434782616,0.483695652173913,0.41086956521739143,0.4769927536231885
CommandA,instruction_following,zh_CN,46,0.6445652173913043,0.2548251481820447,0.0375719183254222,0.5713768115942031,0.7175769927536231,0.5833333333333333,0.7065217391304348
GPT-4.1,instruction_following,zh_CN,46,0.6327898550724638,0.2518597626516421,0.03713469608206622,0.5615942028985509,0.7050724637681158,0.5737228260869565,0.6938405797101449
Qwen3-235B,instruction_following,zh_CN,46,0.6277173913043478,0.26021746809767965,0.038366972521996424,0.5552536231884058,0.7007246376811594,0.5664764492753622,0.6896739130434782
DeepSeek-V3,instruction_following,zh_CN,46,0.618840579710145,0.25289334832165017,0.037287089975105873,0.5474637681159421,0.6909465579710146,0.5596014492753624,0.6797101449275362
Claude-4,instruction_following,zh_CN,46,0.6105072463768115,0.23015986649251866,0.033935220944006916,0.5447463768115943,0.6764492753623188,0.5559782608695653,0.6657608695652173
AyaExpanse-8B,instruction_following,zh_CN,46,0.5873188405797102,0.2535594697966616,0.03738530422841835,0.5177490942028984,0.6608695652173914,0.5286231884057971,0.6494655797101448
Mistral-Medium,instruction_following,zh_CN,46,0.5869565217391304,0.2301345029013632,0.03393148128651184,0.5215579710144927,0.6530797101449276,0.532427536231884,0.6432971014492753
CommandR7B,instruction_following,zh_CN,46,0.5739130434782609,0.23666672336757388,0.034894604650084995,0.5074275362318841,0.6423913043478261,0.5173913043478261,0.6322463768115942
AyaExpanse-32B,instruction_following,zh_CN,46,0.5445652173913045,0.22931875351549924,0.0338112056013279,0.4817028985507247,0.610330615942029,0.4911231884057972,0.5990942028985508
Mistral-7B,instruction_following,zh_CN,46,0.5378623188405797,0.2527363001485443,0.037263934485252594,0.4666666666666668,0.6126811594202898,0.47807971014492756,0.6000000000000001
Qwen2.5-7B,instruction_following,zh_CN,46,0.5307971014492753,0.20821752014447634,0.03069999847582329,0.47155797101449276,0.5916666666666667,0.4804347826086956,0.5817028985507247
Llama-4-Maverick,instruction_following,zh_CN,46,0.5168478260869565,0.2258761345967171,0.03330361913364681,0.45380434782608703,0.5835190217391304,0.46467391304347827,0.5715579710144927
Llama-3.1-8B,instruction_following,zh_CN,46,0.41721014492753616,0.16947997964282277,0.024988459727629933,0.3702898550724638,0.46847826086956507,0.3782608695652174,0.4590579710144927
Claude-4,naturalness,ar_EG,46,0.5583333333333333,0.16369574306101028,0.024135620571144784,0.5115942028985507,0.6057971014492753,0.5182880434782607,0.5980072463768117
GPT-4.1,naturalness,ar_EG,46,0.5547101449275363,0.1591417197234017,0.02346416646187272,0.510683876811594,0.6010914855072463,0.5179347826086956,0.5940217391304348
CommandA,naturalness,ar_EG,46,0.5317028985507246,0.13021373177214832,0.019198967330714627,0.49510416666666657,0.5692028985507246,0.5007246376811595,0.5634057971014493
Mistral-Medium,naturalness,ar_EG,46,0.5085144927536233,0.12248065015273128,0.018058786649642302,0.4735461956521738,0.5432971014492753,0.478804347826087,0.5382336956521738
Llama-4-Maverick,naturalness,ar_EG,46,0.4938405797101449,0.14453453155049373,0.02131045406373649,0.45326086956521744,0.5360507246376811,0.460144927536232,0.5293478260869566
Qwen3-235B,naturalness,ar_EG,46,0.49166666666666675,0.13296244712579192,0.01960424329936884,0.4539855072463768,0.5306159420289854,0.4597826086956521,0.5239221014492753
DeepSeek-V3,naturalness,ar_EG,46,0.46594202898550724,0.1541786890903503,0.022732407516878946,0.42300724637681164,0.5103260869565217,0.42971014492753623,0.5029076086956522
AyaExpanse-32B,naturalness,ar_EG,46,0.4527173913043478,0.13649101571104819,0.020124502354005744,0.41467391304347834,0.49275815217391306,0.42028985507246375,0.48623188405797096
Qwen2.5-7B,naturalness,ar_EG,46,0.4166666666666667,0.1340374924516124,0.01976275008516299,0.3784420289855073,0.4552536231884058,0.38442028985507254,0.44891304347826083
CommandR7B,naturalness,ar_EG,46,0.4039855072463769,0.1980283924838481,0.029197693562028292,0.3514492753623188,0.4628623188405797,0.3590579710144928,0.4521739130434782
Mistral-7B,naturalness,ar_EG,46,0.39999999999999997,0.21802282132218162,0.03214571126215207,0.3416621376811594,0.4657653985507247,0.3492753623188406,0.4539855072463769
AyaExpanse-8B,naturalness,ar_EG,46,0.39927536231884064,0.23003506232314663,0.03391681957313841,0.3373188405797101,0.46630434782608693,0.34655797101449276,0.45452898550724624
Llama-3.1-8B,naturalness,ar_EG,46,0.3416666666666667,0.12897985295826553,0.019017041824737665,0.3077898550724638,0.3813405797101448,0.3128623188405797,0.3739130434782609
Claude-4,naturalness,bn_BD,46,0.5293478260869564,0.1311598206415541,0.019338460524316193,0.491304347826087,0.5663043478260869,0.49764492753623185,0.5608695652173913
Qwen3-235B,naturalness,bn_BD,46,0.5235507246376812,0.11072578111894943,0.01632562576495688,0.49166213768115946,0.5554347826086956,0.4969202898550725,0.5496376811594202
GPT-4.1,naturalness,bn_BD,46,0.5186594202898551,0.10337192801664624,0.015241359278277538,0.4900362318840579,0.5483695652173912,0.49420289855072475,0.5432971014492752
Mistral-Medium,naturalness,bn_BD,46,0.5139492753623187,0.11846568430346367,0.017466812230931175,0.48025362318840575,0.5469202898550725,0.48568840579710143,0.5416666666666667
Llama-4-Maverick,naturalness,bn_BD,46,0.5079710144927535,0.11394925936166232,0.01680090170268522,0.47554347826086957,0.5411231884057971,0.4804347826086956,0.5356884057971014
DeepSeek-V3,naturalness,bn_BD,46,0.4844202898550725,0.11102230750780925,0.01636934619578192,0.4530797101449276,0.5166666666666667,0.4579710144927537,0.5114130434782608
CommandA,naturalness,bn_BD,46,0.48333333333333334,0.10125752524999358,0.014929607598262944,0.4552536231884058,0.5134057971014494,0.45978260869565213,0.5083333333333333
Qwen2.5-7B,naturalness,bn_BD,46,0.4393115942028985,0.1015871432074766,0.01497820711469802,0.4114130434782608,0.46811594202898554,0.4152173913043477,0.4635869565217392
AyaExpanse-32B,naturalness,bn_BD,46,0.4340579710144926,0.11450141633385327,0.016882312806769616,0.4014447463768115,0.4670289855072464,0.40652173913043477,0.4619565217391305
Llama-3.1-8B,naturalness,bn_BD,46,0.40090579710144936,0.09357818842210429,0.013797351154386604,0.37481884057971016,0.42826086956521736,0.3786231884057971,0.4235507246376812
CommandR7B,naturalness,bn_BD,46,0.37010869565217397,0.124320077822795,0.01832999546352194,0.33550271739130433,0.4068885869565218,0.34130434782608693,0.4003623188405797
Mistral-7B,naturalness,bn_BD,46,0.33496376811594203,0.09017506233962311,0.013295587587743825,0.30833333333333335,0.360330615942029,0.31286231884057963,0.35652173913043483
AyaExpanse-8B,naturalness,bn_BD,46,0.3204710144927536,0.148892065904528,0.02195293745290747,0.2798913043478261,0.3648596014492753,0.2856884057971014,0.3565217391304348
Claude-4,naturalness,cs_CZ,46,0.5452898550724637,0.12417197569948836,0.018308158996750916,0.5092391304347826,0.5802536231884058,0.5152083333333334,0.5744565217391304
Mistral-Medium,naturalness,cs_CZ,46,0.5268115942028985,0.12219586891996695,0.018016797947607324,0.49329257246376795,0.5628668478260869,0.4981884057971015,0.5567028985507246
CommandA,naturalness,cs_CZ,46,0.509963768115942,0.1265840320759174,0.018663797307247505,0.4740896739130434,0.5452898550724637,0.4800724637681159,0.5391304347826086
GPT-4.1,naturalness,cs_CZ,46,0.5097826086956522,0.13012700761400126,0.019186180551191537,0.4722826086956522,0.546195652173913,0.47844202898550714,0.5407608695652173
Qwen3-235B,naturalness,cs_CZ,46,0.47590579710144926,0.1199952193089576,0.017692329864148593,0.442572463768116,0.5101494565217392,0.4478260869565219,0.5047101449275362
AyaExpanse-32B,naturalness,cs_CZ,46,0.45615942028985507,0.13168465398242607,0.019415842978749664,0.41956521739130437,0.494927536231884,0.4253623188405797,0.4887681159420289
DeepSeek-V3,naturalness,cs_CZ,46,0.4449275362318842,0.10543089511456853,0.015544937414853771,0.415036231884058,0.47536231884057967,0.4197373188405797,0.47065217391304354
Llama-4-Maverick,naturalness,cs_CZ,46,0.4335144927536232,0.1180276323896856,0.01740222499986634,0.4010869565217392,0.4693840579710145,0.40597826086956523,0.4635869565217392
Qwen2.5-7B,naturalness,cs_CZ,46,0.38786231884057976,0.10622167773191357,0.015661531950848413,0.358695652173913,0.41920742753623186,0.3630434782608695,0.41341485507246367
CommandR7B,naturalness,cs_CZ,46,0.36086956521739133,0.1206575293913277,0.01778998215827435,0.32717391304347826,0.39565217391304347,0.3324275362318841,0.39003623188405806
AyaExpanse-8B,naturalness,cs_CZ,46,0.34402173913043477,0.10695942237795945,0.01577030646460422,0.31431159420289856,0.3746376811594203,0.3192028985507246,0.37010869565217386
Llama-3.1-8B,naturalness,cs_CZ,46,0.3373188405797101,0.10769382655992728,0.015878588453801894,0.30778985507246376,0.36975090579710146,0.31213768115942025,0.36394927536231875
Mistral-7B,naturalness,cs_CZ,46,0.33641304347826084,0.11260603638804284,0.016602854279902563,0.3050724637681159,0.3695652173913043,0.309963768115942,0.3641304347826086
Qwen3-235B,naturalness,de_DE,46,0.5057971014492754,0.19011748775929457,0.0280312942944851,0.4527173913043478,0.5606884057971014,0.4606884057971015,0.5518115942028986
GPT-4.1,naturalness,de_DE,46,0.49764492753623185,0.2208964832382618,0.03256940959638677,0.4378577898550724,0.5643115942028986,0.44637681159420284,0.5530797101449274
DeepSeek-V3,naturalness,de_DE,46,0.48695652173913045,0.24255998477857182,0.035763518640654704,0.41992753623188406,0.5577989130434782,0.42971014492753634,0.545108695652174
Mistral-Medium,naturalness,de_DE,46,0.4831521739130436,0.1791741094960084,0.026417781196403207,0.43478260869565216,0.5369610507246376,0.44202898550724634,0.5271739130434784
Llama-4-Maverick,naturalness,de_DE,46,0.47862318840579715,0.19980431919472466,0.029459539670267664,0.4235507246376812,0.5385914855072462,0.4318840579710145,0.5286322463768116
CommandA,naturalness,de_DE,46,0.4769927536231885,0.16713992791035506,0.02464343792269124,0.4320606884057971,0.5260869565217391,0.4385869565217391,0.5184782608695652
Claude-4,naturalness,de_DE,46,0.47210144927536246,0.14411519517155158,0.02124862628773835,0.4324275362318841,0.5141304347826088,0.43913043478260866,0.5076086956521739
AyaExpanse-32B,naturalness,de_DE,46,0.447463768115942,0.1561681347535385,0.02302573527712329,0.40416666666666673,0.4934782608695652,0.41086956521739126,0.4858695652173913
AyaExpanse-8B,naturalness,de_DE,46,0.44384057971014496,0.21286141946567116,0.03138470407592665,0.3858695652173914,0.5076086956521739,0.3945652173913044,0.4971014492753623
CommandR7B,naturalness,de_DE,46,0.442572463768116,0.2009101840119631,0.029622590542164175,0.3876766304347825,0.5021784420289855,0.3952807971014493,0.49221014492753623
Qwen2.5-7B,naturalness,de_DE,46,0.4396739130434783,0.1863984910807685,0.027482958149269654,0.38858695652173914,0.4960144927536231,0.39619565217391306,0.4858695652173914
Mistral-7B,naturalness,de_DE,46,0.4329710144927535,0.20956271728173284,0.030898336973154358,0.3764492753623188,0.4942074275362319,0.3851358695652173,0.4847826086956522
Llama-3.1-8B,naturalness,de_DE,46,0.3878623188405797,0.14958488363726827,0.022055087854681497,0.3471014492753623,0.4331521739130434,0.3532608695652174,0.4251902173913042
Mistral-Medium,naturalness,en_US,46,0.6382246376811594,0.22576055330566092,0.033286577601998574,0.5742753623188406,0.7021739130434783,0.5842391304347826,0.6918478260869565
GPT-4.1,naturalness,en_US,46,0.6344202898550725,0.22074235509357912,0.03254668464123622,0.5728260869565218,0.6978260869565216,0.5822463768115942,0.6869655797101449
Qwen3-235B,naturalness,en_US,46,0.6344202898550725,0.22074235509357912,0.03254668464123622,0.5715534420289854,0.6994565217391304,0.582427536231884,0.6889492753623186
CommandA,naturalness,en_US,46,0.6338768115942028,0.22011081786615333,0.03245356955703993,0.5704710144927535,0.6981884057971013,0.5809782608695653,0.6871376811594202
DeepSeek-V3,naturalness,en_US,46,0.6307971014492754,0.22443942214689896,0.033091787439613524,0.5673913043478261,0.6945652173913043,0.5771739130434783,0.6842391304347826
Llama-4-Maverick,naturalness,en_US,46,0.623731884057971,0.22416489322790403,0.03305131035877582,0.5601449275362319,0.6902219202898551,0.5708333333333333,0.6793478260869565
CommandR7B,naturalness,en_US,46,0.6182971014492754,0.22354895316361356,0.032960494950822664,0.5543478260869565,0.6831567028985507,0.5646648550724638,0.672463768115942
Claude-4,naturalness,en_US,46,0.6036231884057972,0.21034695158937172,0.031013966013556417,0.5451086956521739,0.6639538043478261,0.5539855072463769,0.654891304347826
AyaExpanse-8B,naturalness,en_US,46,0.5842391304347827,0.20463177001379854,0.030171308462273477,0.5266304347826088,0.6447463768115942,0.5358695652173914,0.6342481884057971
Mistral-7B,naturalness,en_US,46,0.5552536231884058,0.1955789024546007,0.02883653596053414,0.501268115942029,0.6130434782608695,0.5097826086956522,0.6032608695652173
Qwen2.5-7B,naturalness,en_US,46,0.5541666666666666,0.20523811825580837,0.03026070963318649,0.49547101449275355,0.6153985507246377,0.5059782608695652,0.6047101449275362
AyaExpanse-32B,naturalness,en_US,46,0.5516304347826088,0.18534768433993756,0.02732802514786079,0.5010869565217392,0.6050724637681159,0.5083333333333332,0.5958333333333332
Llama-3.1-8B,naturalness,en_US,46,0.48496376811594205,0.138093495403995,0.020360775094632317,0.4449275362318842,0.5255480072463767,0.4514492753623188,0.5192028985507245
GPT-4.1,naturalness,hi_IN,46,0.632427536231884,0.16686310886906452,0.024602623181742438,0.5855072463768117,0.6807971014492754,0.5929347826086957,0.6731884057971014
Qwen3-235B,naturalness,hi_IN,46,0.6235507246376812,0.15574694919852658,0.022963634854988146,0.5798913043478261,0.6690217391304347,0.5862318840579711,0.6614130434782609
DeepSeek-V3,naturalness,hi_IN,46,0.6025362318840579,0.16557857376537924,0.024413228813305446,0.555072463768116,0.648913043478261,0.5632246376811595,0.6414855072463768
CommandA,naturalness,hi_IN,46,0.598550724637681,0.14976632362056982,0.022081839720744192,0.5567028985507246,0.6418478260869565,0.5630434782608696,0.6351449275362319
Mistral-Medium,naturalness,hi_IN,46,0.588949275362319,0.13959878961220124,0.020582718617278884,0.5503577898550723,0.6300769927536232,0.5561594202898551,0.6230163043478261
Llama-4-Maverick,naturalness,hi_IN,46,0.586231884057971,0.14918727760878964,0.021996464044063628,0.5451041666666666,0.6306159420289855,0.5516304347826086,0.6233695652173913
Claude-4,naturalness,hi_IN,46,0.5594202898550724,0.10922861820953107,0.01610488113690968,0.5284420289855073,0.5905797101449274,0.5327898550724638,0.5856884057971014
Qwen2.5-7B,naturalness,hi_IN,46,0.5329710144927536,0.1651781354329948,0.02435418740225928,0.48605072463768123,0.5806204710144928,0.4938315217391304,0.5735597826086956
AyaExpanse-32B,naturalness,hi_IN,46,0.5144927536231885,0.1240822455068687,0.018294929001624917,0.47988677536231883,0.5500045289855073,0.48496376811594205,0.5443840579710146
AyaExpanse-8B,naturalness,hi_IN,46,0.4934782608695652,0.17282076138673538,0.02548103112303898,0.4445652173913044,0.5445697463768117,0.4527173913043479,0.5355072463768116
CommandR7B,naturalness,hi_IN,46,0.47318840579710136,0.15081990981273183,0.022237182529894345,0.43152173913043473,0.5166666666666666,0.4373188405797102,0.5096014492753624
Llama-3.1-8B,naturalness,hi_IN,46,0.47282608695652173,0.13411155737991542,0.01977367036307446,0.4349637681159422,0.5121376811594203,0.440217391304348,0.5058061594202898
Mistral-7B,naturalness,hi_IN,46,0.3889492753623188,0.11273883218932972,0.016622433952613456,0.35724637681159427,0.42210144927536236,0.36268115942028983,0.416304347826087
Claude-4,naturalness,id_ID,46,0.48242753623188406,0.14516091816731413,0.02140280973182974,0.44239130434782614,0.5257246376811595,0.4483695652173914,0.5182971014492753
Qwen3-235B,naturalness,id_ID,46,0.45489130434782615,0.16146107667400836,0.023806136987691625,0.4108695652173914,0.5027173913043479,0.416838768115942,0.4943840579710144
Mistral-Medium,naturalness,id_ID,46,0.45307971014492765,0.15112090139498452,0.022281561317567842,0.4110507246376811,0.4972826086956523,0.41721014492753633,0.4905797101449275
CommandA,naturalness,id_ID,46,0.4516304347826087,0.14918109350074615,0.021995552247076625,0.4106884057971014,0.49601902173913043,0.4170289855072463,0.4880434782608695
GPT-4.1,naturalness,id_ID,46,0.43713768115942037,0.15006898127584578,0.022126464157483334,0.39474637681159425,0.47989583333333335,0.4014492753623189,0.4730072463768116
Llama-4-Maverick,naturalness,id_ID,46,0.4233695652173913,0.1511337765397424,0.02228345965409672,0.3806159420289856,0.4668478260869566,0.3871376811594202,0.45978260869565224
DeepSeek-V3,naturalness,id_ID,46,0.40652173913043477,0.13760420342728935,0.02028863292845594,0.3677536231884058,0.4458333333333334,0.3739130434782609,0.4400452898550724
Qwen2.5-7B,naturalness,id_ID,46,0.4019927536231884,0.14559567706800583,0.021466911434603476,0.36231884057971014,0.44547101449275356,0.36811594202898557,0.43786231884057963
AyaExpanse-32B,naturalness,id_ID,46,0.39637681159420285,0.1220535727082281,0.017995817515795116,0.3626766304347826,0.43278985507246365,0.36739130434782613,0.426268115942029
AyaExpanse-8B,naturalness,id_ID,46,0.3778985507246377,0.13415507646400415,0.019780086901962573,0.34021739130434786,0.417572463768116,0.3463768115942029,0.41068840579710153
CommandR7B,naturalness,id_ID,46,0.37499999999999994,0.1416938971650761,0.020891625373229656,0.3353260869565218,0.41594202898550725,0.34148550724637683,0.4094202898550725
Llama-3.1-8B,naturalness,id_ID,46,0.36865942028985504,0.09653223063444358,0.014232900916738048,0.3416666666666666,0.3969248188405796,0.3456521739130435,0.39166666666666666
Mistral-7B,naturalness,id_ID,46,0.3583333333333333,0.13028932666176193,0.019210113189114572,0.32173913043478264,0.39637681159420285,0.32753623188405795,0.3902173913043479
Claude-4,naturalness,ja_JP,46,0.5333333333333333,0.16247506931264302,0.023955642045858587,0.48677536231884055,0.5797101449275363,0.4947463768115943,0.5719202898550725
CommandA,naturalness,ja_JP,46,0.5329710144927536,0.20622979902372907,0.03040692498548991,0.4757246376811594,0.5934782608695651,0.4853260869565218,0.5835144927536231
Mistral-Medium,naturalness,ja_JP,46,0.5304347826086956,0.212453461797994,0.03132455399937594,0.4706521739130434,0.5918478260869565,0.4798913043478262,0.5818840579710145
GPT-4.1,naturalness,ja_JP,46,0.5240942028985508,0.22571715790576094,0.0332801792993492,0.46159420289855074,0.5898550724637681,0.47083333333333344,0.5788043478260869
Qwen3-235B,naturalness,ja_JP,46,0.5130434782608696,0.2148977087549485,0.03168493855203497,0.4519927536231886,0.5757246376811594,0.4617753623188406,0.5657608695652173
DeepSeek-V3,naturalness,ja_JP,46,0.4860507246376811,0.21472818266720833,0.031659943294039275,0.42699275362318845,0.5481884057971015,0.43568840579710155,0.5375
Llama-4-Maverick,naturalness,ja_JP,46,0.4786231884057971,0.21295722179476897,0.03139882935873303,0.4184737318840579,0.5402173913043479,0.4271739130434784,0.530072463768116
AyaExpanse-32B,naturalness,ja_JP,46,0.47173913043478266,0.18674831432684585,0.027534536772979755,0.41884057971014493,0.5257291666666666,0.4275362318840579,0.5168478260869565
Qwen2.5-7B,naturalness,ja_JP,46,0.444927536231884,0.19586369552550076,0.028878526408007005,0.39039855072463764,0.5032608695652173,0.3980072463768116,0.4940217391304348
AyaExpanse-8B,naturalness,ja_JP,46,0.42862318840579705,0.23181151995464383,0.034178743961352655,0.36467391304347824,0.49601902173913043,0.3742753623188406,0.48496376811594194
CommandR7B,naturalness,ja_JP,46,0.41775362318840586,0.18669153848564307,0.027526165631890476,0.36666213768115946,0.4735507246376811,0.3742663043478261,0.4639492753623189
Llama-3.1-8B,naturalness,ja_JP,46,0.3911231884057972,0.13419170658805843,0.01978548771910733,0.35416666666666663,0.42989130434782613,0.3594202898550724,0.4233695652173914
Mistral-7B,naturalness,ja_JP,46,0.3646739130434783,0.16751805488291474,0.024699189703200366,0.31902173913043474,0.4150362318840579,0.326268115942029,0.4056159420289855
Claude-4,naturalness,ru_RU,46,0.5561594202898551,0.1585956383055127,0.023383651149399328,0.5103260869565217,0.6009057971014492,0.5179347826086956,0.5938405797101449
Mistral-Medium,naturalness,ru_RU,46,0.4940217391304348,0.15992535916658912,0.023579707794296408,0.4494565217391305,0.5413043478260869,0.4567028985507246,0.532608695652174
Qwen3-235B,naturalness,ru_RU,46,0.47228260869565214,0.18231242980442014,0.026880501281716075,0.42064764492753615,0.5257246376811594,0.4289764492753622,0.5166666666666666
CommandA,naturalness,ru_RU,46,0.4619565217391304,0.15309212281379095,0.02257220205957109,0.41956521739130437,0.5076086956521738,0.4257246376811593,0.49999999999999994
GPT-4.1,naturalness,ru_RU,46,0.45163043478260867,0.175731448147322,0.02591018847277403,0.40181159420289847,0.5038043478260871,0.40996376811594204,0.4952898550724638
AyaExpanse-32B,naturalness,ru_RU,46,0.4409420289855073,0.1343000382292735,0.01980146034820155,0.4027173913043478,0.4784420289855073,0.40869565217391296,0.4726449275362319
Llama-4-Maverick,naturalness,ru_RU,46,0.4353260869565217,0.15711701213388282,0.023165639614232392,0.3914855072463769,0.4811639492753623,0.398550724637681,0.47373188405797095
Qwen2.5-7B,naturalness,ru_RU,46,0.4195652173913043,0.136368434665657,0.020106428764885755,0.3818840579710145,0.458695652173913,0.3878623188405797,0.45218297101449273
DeepSeek-V3,naturalness,ru_RU,46,0.41811594202898544,0.166900801725897,0.024608180690286884,0.3719202898550725,0.46775815217391303,0.3791576086956522,0.45942028985507244
Llama-3.1-8B,naturalness,ru_RU,46,0.40054347826086956,0.13393846677653012,0.019748149545919302,0.363768115942029,0.4403985507246377,0.3691938405797101,0.43297101449275355
CommandR7B,naturalness,ru_RU,46,0.36521739130434777,0.14449042374849203,0.021303950723127667,0.32554347826086955,0.40869565217391307,0.33115942028985507,0.4016304347826086
Mistral-7B,naturalness,ru_RU,46,0.365036231884058,0.12106293084994929,0.017849755342361568,0.3320652173913043,0.40054347826086956,0.3373188405797102,0.39421195652173924
AyaExpanse-8B,naturalness,ru_RU,46,0.36358695652173906,0.13621151280691615,0.02008329189906954,0.3257246376811594,0.40344202898550724,0.33115036231884054,0.3971014492753623
Mistral-Medium,naturalness,zh_CN,46,0.631159420289855,0.16933452520913925,0.02496701364139623,0.5835144927536231,0.6811594202898551,0.5907608695652173,0.6733695652173913
CommandA,naturalness,zh_CN,46,0.6307971014492754,0.174676681622141,0.02575467163301464,0.582427536231884,0.6826132246376813,0.5896739130434783,0.6744565217391304
Claude-4,naturalness,zh_CN,46,0.6291666666666668,0.15604832663926127,0.023008070534391026,0.5853260869565218,0.6739130434782609,0.5923913043478262,0.666304347826087
Qwen3-235B,naturalness,zh_CN,46,0.6269927536231884,0.17819555756653024,0.0262735015857218,0.5764492753623189,0.678804347826087,0.5846014492753624,0.6702898550724639
GPT-4.1,naturalness,zh_CN,46,0.6266304347826087,0.18110275683882224,0.026702144733360626,0.5778985507246377,0.6789900362318841,0.5853260869565218,0.6708333333333333
DeepSeek-V3,naturalness,zh_CN,46,0.6231884057971014,0.18373619914141281,0.027090424617875638,0.5706521739130435,0.677536231884058,0.5791666666666666,0.6684782608695652
AyaExpanse-8B,naturalness,zh_CN,46,0.6172101449275363,0.18644995831729688,0.027490546579301285,0.5644927536231884,0.6713768115942029,0.572463768115942,0.6614130434782609
Llama-4-Maverick,naturalness,zh_CN,46,0.606159420289855,0.1885735503641495,0.027803653144764216,0.5528985507246377,0.6615942028985506,0.5621376811594204,0.6527173913043478
CommandR7B,naturalness,zh_CN,46,0.5958333333333333,0.18255516670006602,0.02691629088444107,0.5447418478260868,0.6494610507246377,0.5528894927536232,0.640036231884058
Qwen2.5-7B,naturalness,zh_CN,46,0.5936594202898552,0.17005976420986021,0.025073944298342355,0.5461911231884058,0.6434782608695653,0.553804347826087,0.634963768115942
AyaExpanse-32B,naturalness,zh_CN,46,0.5115942028985507,0.14693870248043728,0.021664929728578107,0.47119112318840567,0.5557971014492754,0.4775362318840579,0.5472826086956522
Mistral-7B,naturalness,zh_CN,46,0.47898550724637684,0.15739722426093042,0.023206954638382613,0.4353260869565218,0.5246376811594203,0.44221014492753635,0.5166666666666667
Llama-3.1-8B,naturalness,zh_CN,46,0.415036231884058,0.10948278467211112,0.01614235593734145,0.38478260869565223,0.4480072463768116,0.3889492753623189,0.442391304347826
